url,year,month,stamp
https://travel.state.gov/content/travel/en/legal/visa-law0/visa-bulletin/2002/visa-bulletin-for-december-2001.html,2001,DECEMBER,2001-12-01
https://travel.state.gov/content/travel/en/legal/visa-law0/visa-bulletin/2002/visa-bulletin-for-january-2002.html,2002,JANUARY,2002-01-01
https://travel.state.gov/content/travel/en/legal/visa-law0/visa-bulletin/2002/visa-bulletin-for-february-2002.html,2002,FEBRUARY,2002-02-01
https://travel.state.gov/content/travel/en/legal/visa-law0/visa-bulletin/2002/visa-bulletin-for-march-2002.html,2002,MARCH,2002-03-01
https://travel.state.gov/content/travel/en/legal/visa-law0/visa-bulletin/2002/visa-bulletin-for-april-2002.html,2002,APRIL,2002-04-01
https://travel.state.gov/content/travel/en/legal/visa-law0/visa-bulletin/2002/visa-bulletin-for-may-2002.html,2002,MAY,2002-05-01
https://travel.state.gov/content/travel/en/legal/visa-law0/visa-bulletin/2002/visa-bulletin-for-june-2002.html,2002,JUNE,2002-06-01
https://travel.state.gov/content/travel/en/legal/visa-law0/visa-bulletin/2002/visa-bulletin-for-july-2002.html,2002,JULY,2002-07-01
https://travel.state.gov/content/travel/en/legal/visa-law0/visa-bulletin/2002/visa-bulletin-for-august-2002.html,2002,AUGUST,2002-08-01
https://travel.state.gov/content/travel/en/legal/visa-law0/visa-bulletin/2002/visa-bulletin-for-september-2002.html,2002,SEPTEMBER,2002-09-01
https://travel.state.gov/content/travel/en/legal/visa-law0/visa-bulletin/2003/visa-bulletin-for-october-2002.html,2002,OCTOBER,2002-10-01
https://travel.state.gov/content/travel/en/legal/visa-law0/visa-bulletin/2003/visa-bulletin-for-november-2002.html,2002,NOVEMBER,2002-11-01
https://travel.state.gov/content/travel/en/legal/visa-law0/visa-bulletin/2003/visa-bulletin-for-december-2002.html,2002,DECEMBER,2002-12-01
https://travel.state.gov/content/travel/en/legal/visa-law0/visa-bulletin/2003/visa-bulletin-for-january-2003.html,2003,JANUARY,2003-01-01
https://travel.state.gov/content/travel/en/legal/visa-law0/visa-bulletin/2003/visa-bulletin-for-february-2003.html,2003,FEBRUARY,2003-02-01
https://travel.state.gov/content/travel/en/legal/visa-law0/visa-bulletin/2003/visa-bulletin-for-march-2003.html,2003,MARCH,2003-03-01
https://travel.state.gov/content/travel/en/legal/visa-law0/visa-bulletin/2003/visa-bulletin-for-april-2003.html,2003,APRIL,2003-04-01
https://travel.state.gov/content/travel/en/legal/visa-law0/visa-bulletin/2003/visa-bulletin-for-may-2003.html,2003,MAY,2003-05-01
https://travel.state.gov/content/travel/en/legal/visa-law0/visa-bulletin/2003/visa-bulletin-for-june-2003.html,2003,JUNE,2003-06-01
https://travel.state.gov/content/travel/en/legal/visa-law0/visa-bulletin/2003/visa-bulletin-for-july-2003.html,2003,JULY,2003-07-01
https://travel.state.gov/content/travel/en/legal/visa-law0/visa-bulletin/2003/visa-bulletin-for-august-2003.html,2003,AUGUST,2003-08-01
https://travel.state.gov/content/travel/en/legal/visa-law0/visa-bulletin/2003/visa-bulletin-for-september-2003.html,2003,SEPTEMBER,2003-09-01
https://travel.state.gov/content/travel/en/legal/visa-law0/visa-bulletin/2004/visa-bulletin-for-october-2003.html,2003,OCTOBER,2003-10-01
https://travel.state.gov/content/travel/en/legal/visa-law0/visa-bulletin/2004/visa-bulletin-for-november-2003.html,2003,NOVEMBER,2003-11-01
https://travel.state.gov/content/travel/en/legal/visa-law0/visa-bulletin/2004/visa-bulletin-for-december-2003.html,2003,DECEMBER,2003-12-01
https://travel.state.gov/content/travel/en/legal/visa-law0/visa-bulletin/2004/visa-bulletin-for-january-2004.html,2004,JANUARY,2004-01-01
https://travel.state.gov/content/travel/en/legal/visa-law0/visa-bulletin/2004/visa-bulletin-for-february-2004.html,2004,FEBRUARY,2004-02-01
https://travel.state.gov/content/travel/en/legal/visa-law0/visa-bulletin/2004/visa-bulletin-for-march-2004.html,2004,MARCH,2004-03-01
https://travel.state.gov/content/travel/en/legal/visa-law0/visa-bulletin/2004/visa-bulletin-for-april-2004.html,2004,APRIL,2004-04-01
https://travel.state.gov/content/travel/en/legal/visa-law0/visa-bulletin/2004/visa-bulletin-for-may-2004.html,2004,MAY,2004-05-01
https://travel.state.gov/content/travel/en/legal/visa-law0/visa-bulletin/2004/visa-bulletin-for-june-2004.html,2004,JUNE,2004-06-01
https://travel.state.gov/content/travel/en/legal/visa-law0/visa-bulletin/2004/visa-bulletin-for-july-2004.html,2004,JULY,2004-07-01
https://travel.state.gov/content/travel/en/legal/visa-law0/visa-bulletin/2004/visa-bulletin-for-august-2004.html,2004,AUGUST,2004-08-01
https://travel.state.gov/content/travel/en/legal/visa-law0/visa-bulletin/2004/visa-bulletin-for-september-2004.html,2004,SEPTEMBER,2004-09-01
https://travel.state.gov/content/travel/en/legal/visa-law0/visa-bulletin/2005/visa-bulletin-for-october-2004.html,2004,OCTOBER,2004-10-01
https://travel.state.gov/content/travel/en/legal/visa-law0/visa-bulletin/2005/visa-bulletin-for-november-2004.html,2004,NOVEMBER,2004-11-01
https://travel.state.gov/content/travel/en/legal/visa-law0/visa-bulletin/2005/visa-bulletin-for-december-2004.html,2004,DECEMBER,2004-12-01
https://travel.state.gov/content/travel/en/legal/visa-law0/visa-bulletin/2005/visa-bulletin-for-january-2005.html,2005,JANUARY,2005-01-01
https://travel.state.gov/content/travel/en/legal/visa-law0/visa-bulletin/2005/visa-bulletin-for-february-2005.html,2005,FEBRUARY,2005-02-01
https://travel.state.gov/content/travel/en/legal/visa-law0/visa-bulletin/2005/visa-bulletin-for-march-2005.html,2005,MARCH,2005-03-01
https://travel.state.gov/content/travel/en/legal/visa-law0/visa-bulletin/2005/visa-bulletin-for-april-2005.html,2005,APRIL,2005-04-01
https://travel.state.gov/content/travel/en/legal/visa-law0/visa-bulletin/2005/visa-bulletin-for-may-2005.html,2005,MAY,2005-05-01
https://travel.state.gov/content/travel/en/legal/visa-law0/visa-bulletin/2005/visa-bulletin-for-june-2005.html,2005,JUNE,2005-06-01
https://travel.state.gov/content/travel/en/legal/visa-law0/visa-bulletin/2005/visa-bulletin-for-july-2005.html,2005,JULY,2005-07-01
https://travel.state.gov/content/travel/en/legal/visa-law0/visa-bulletin/2005/visa-bulletin-for-august-2005.html,2005,AUGUST,2005-08-01
https://travel.state.gov/content/travel/en/legal/visa-law0/visa-bulletin/2005/visa-bulletin-for-september-2005.html,2005,SEPTEMBER,2005-09-01
https://travel.state.gov/content/travel/en/legal/visa-law0/visa-bulletin/2006/visa-bulletin-for-october-2005.html,2005,OCTOBER,2005-10-01
https://travel.state.gov/content/travel/en/legal/visa-law0/visa-bulletin/2006/visa-bulletin-for-november-2005.html,2005,NOVEMBER,2005-11-01
https://travel.state.gov/content/travel/en/legal/visa-law0/visa-bulletin/2006/visa-bulletin-for-december-2005.html,2005,DECEMBER,2005-12-01
https://travel.state.gov/content/travel/en/legal/visa-law0/visa-bulletin/2006/visa-bulletin-for-january-2006.html,2006,JANUARY,2006-01-01
https://travel.state.gov/content/travel/en/legal/visa-law0/visa-bulletin/2006/visa-bulletin-for-february-2006.html,2006,FEBRUARY,2006-02-01
https://travel.state.gov/content/travel/en/legal/visa-law0/visa-bulletin/2006/visa-bulletin-for-march-2006.html,2006,MARCH,2006-03-01
https://travel.state.gov/content/travel/en/legal/visa-law0/visa-bulletin/2006/visa-bulletin-for-april-2006.html,2006,APRIL,2006-04-01
https://travel.state.gov/content/travel/en/legal/visa-law0/visa-bulletin/2006/visa-bulletin-for-may-2006.html,2006,MAY,2006-05-01
https://travel.state.gov/content/travel/en/legal/visa-law0/visa-bulletin/2006/visa-bulletin-for-june-2006.html,2006,JUNE,2006-06-01
https://travel.state.gov/content/travel/en/legal/visa-law0/visa-bulletin/2006/visa-bulletin-for-july-2006.html,2006,JULY,2006-07-01
https://travel.state.gov/content/travel/en/legal/visa-law0/visa-bulletin/2006/visa-bulletin-for-august-2006.html,2006,AUGUST,2006-08-01
https://travel.state.gov/content/travel/en/legal/visa-law0/visa-bulletin/2006/visa-bulletin-for-september-2006.html,2006,SEPTEMBER,2006-09-01
https://travel.state.gov/content/travel/en/legal/visa-law0/visa-bulletin/2007/visa-bulletin-for-october-2006.html,2006,OCTOBER,2006-10-01
https://travel.state.gov/content/travel/en/legal/visa-law0/visa-bulletin/2007/visa-bulletin-for-november-2006.html,2006,NOVEMBER,2006-11-01
https://travel.state.gov/content/travel/en/legal/visa-law0/visa-bulletin/2007/visa-bulletin-for-december-2006.html,2006,DECEMBER,2006-12-01
https://travel.state.gov/content/travel/en/legal/visa-law0/visa-bulletin/2007/visa-bulletin-for-january-2007.html,2007,JANUARY,2007-01-01
https://travel.state.gov/content/travel/en/legal/visa-law0/visa-bulletin/2007/visa-bulletin-for-february-2007.html,2007,FEBRUARY,2007-02-01
https://travel.state.gov/content/travel/en/legal/visa-law0/visa-bulletin/2007/visa-bulletin-for-march-2007.html,2007,MARCH,2007-03-01
https://travel.state.gov/content/travel/en/legal/visa-law0/visa-bulletin/2007/visa-bulletin-for-april-2007.html,2007,APRIL,2007-04-01
https://travel.state.gov/content/travel/en/legal/visa-law0/visa-bulletin/2007/visa-bulletin-for-may-2007.html,2007,MAY,2007-05-01
https://travel.state.gov/content/travel/en/legal/visa-law0/visa-bulletin/2007/visa-bulletin-for-june-2007.html,2007,JUNE,2007-06-01
https://travel.state.gov/content/travel/en/legal/visa-law0/visa-bulletin/2007/visa-bulletin-for-july-2007.html,2007,JULY,2007-07-01
https://travel.state.gov/content/travel/en/legal/visa-law0/visa-bulletin/2007/visa-bulletin-for-august-2007.html,2007,AUGUST,2007-08-01
https://travel.state.gov/content/travel/en/legal/visa-law0/visa-bulletin/2007/visa-bulletin-for-september-2007.html,2007,SEPTEMBER,2007-09-01
https://travel.state.gov/content/travel/en/legal/visa-law0/visa-bulletin/2008/visa-bulletin-for-october-2007.html,2007,OCTOBER,2007-10-01
https://travel.state.gov/content/travel/en/legal/visa-law0/visa-bulletin/2008/visa-bulletin-for-november-2007.html,2007,NOVEMBER,2007-11-01
https://travel.state.gov/content/travel/en/legal/visa-law0/visa-bulletin/2008/visa-bulletin-for-december-2007.html,2007,DECEMBER,2007-12-01
https://travel.state.gov/content/travel/en/legal/visa-law0/visa-bulletin/2008/visa-bulletin-for-january-2008.html,2008,JANUARY,2008-01-01
https://travel.state.gov/content/travel/en/legal/visa-law0/visa-bulletin/2008/visa-bulletin-for-february-2008.html,2008,FEBRUARY,2008-02-01
https://travel.state.gov/content/travel/en/legal/visa-law0/visa-bulletin/2008/visa-bulletin-for-march-2008.html,2008,MARCH,2008-03-01
https://travel.state.gov/content/travel/en/legal/visa-law0/visa-bulletin/2008/visa-bulletin-for-april-2008.html,2008,APRIL,2008-04-01
https://travel.state.gov/content/travel/en/legal/visa-law0/visa-bulletin/2008/visa-bulletin-for-may-2008.html,2008,MAY,2008-05-01
https://travel.state.gov/content/travel/en/legal/visa-law0/visa-bulletin/2008/visa-bulletin-for-june-2008.html,2008,JUNE,2008-06-01
https://travel.state.gov/content/travel/en/legal/visa-law0/visa-bulletin/2008/visa-bulletin-for-july-2008.html,2008,JULY,2008-07-01
https://travel.state.gov/content/travel/en/legal/visa-law0/visa-bulletin/2008/visa-bulletin-for-august-2008.html,2008,AUGUST,2008-08-01
https://travel.state.gov/content/travel/en/legal/visa-law0/visa-bulletin/2008/visa-bulletin-for-september-2008.html,2008,SEPTEMBER,2008-09-01
https://travel.state.gov/content/travel/en/legal/visa-law0/visa-bulletin/2009/visa-bulletin-for-october-2008.html,2008,OCTOBER,2008-10-01
https://travel.state.gov/content/travel/en/legal/visa-law0/visa-bulletin/2009/visa-bulletin-for-november-2008.html,2008,NOVEMBER,2008-11-01
https://travel.state.gov/content/travel/en/legal/visa-law0/visa-bulletin/2009/visa-bulletin-for-december-2008.html,2008,DECEMBER,2008-12-01
https://travel.state.gov/content/travel/en/legal/visa-law0/visa-bulletin/2009/visa-bulletin-for-january-2009.html,2009,JANUARY,2009-01-01
https://travel.state.gov/content/travel/en/legal/visa-law0/visa-bulletin/2009/visa-bulletin-for-february-2009.html,2009,FEBRUARY,2009-02-01
https://travel.state.gov/content/travel/en/legal/visa-law0/visa-bulletin/2009/visa-bulletin-march-2009.html,2009,MARCH,2009-03-01
https://travel.state.gov/content/travel/en/legal/visa-law0/visa-bulletin/2009/visa-bulletin-for-april-2009.html,2009,APRIL,2009-04-01
https://travel.state.gov/content/travel/en/legal/visa-law0/visa-bulletin/2009/visa-bulletin-for-may-2009.html,2009,MAY,2009-05-01
https://travel.state.gov/content/travel/en/legal/visa-law0/visa-bulletin/2009/visa-bulletin-for-june-2009.html,2009,JUNE,2009-06-01
https://travel.state.gov/content/travel/en/legal/visa-law0/visa-bulletin/2009/visa-bulletin-for-july-2009.html,2009,JULY,2009-07-01
https://travel.state.gov/content/travel/en/legal/visa-law0/visa-bulletin/2009/visa-bulletin-for-august-2009.html,2009,AUGUST,2009-08-01
https://travel.state.gov/content/travel/en/legal/visa-law0/visa-bulletin/2009/visa-bulletin-september-2009.html,2009,SEPTEMBER,2009-09-01
https://travel.state.gov/content/travel/en/legal/visa-law0/visa-bulletin/2010/visa-bulletin-october-2009.html,2009,OCTOBER,2009-10-01
https://travel.state.gov/content/travel/en/legal/visa-law0/visa-bulletin/2010/visa-bulletin-november-2009.html,2009,NOVEMBER,2009-11-01
https://travel.state.gov/content/travel/en/legal/visa-law0/visa-bulletin/2010/visa-bulletin-for-december-2009.html,2009,DECEMBER,2009-12-01
https://travel.state.gov/content/travel/en/legal/visa-law0/visa-bulletin/2010/visa-bulletin-for-january-2010.html,2010,JANUARY,2010-01-01
https://travel.state.gov/content/travel/en/legal/visa-law0/visa-bulletin/2010/visa-bulletin-for-february-2010.html,2010,FEBRUARY,2010-02-01
https://travel.state.gov/content/travel/en/legal/visa-law0/visa-bulletin/2010/visa-bulletin-for-march-2010.html,2010,MARCH,2010-03-01
https://travel.state.gov/content/travel/en/legal/visa-law0/visa-bulletin/2010/visa-bulletin-for-april-2010.html,2010,APRIL,2010-04-01
https://travel.state.gov/content/travel/en/legal/visa-law0/visa-bulletin/2010/visa-bulletin-for-may-2010.html,2010,MAY,2010-05-01
https://travel.state.gov/content/travel/en/legal/visa-law0/visa-bulletin/2010/visa-bulletin-for-june-2010.html,2010,JUNE,2010-06-01
https://travel.state.gov/content/travel/en/legal/visa-law0/visa-bulletin/2010/visa-bulletin-for-july-2010.html,2010,JULY,2010-07-01
https://travel.state.gov/content/travel/en/legal/visa-law0/visa-bulletin/2010/visa-bulletin-for-august-2010.html,2010,AUGUST,2010-08-01
https://travel.state.gov/content/travel/en/legal/visa-law0/visa-bulletin/2010/visa-bulletin-for-september-2010.html,2010,SEPTEMBER,2010-09-01
https://travel.state.gov/content/travel/en/legal/visa-law0/visa-bulletin/2011/visa-bulletin-for-october-2010.html,2010,OCTOBER,2010-10-01
https://travel.state.gov/content/travel/en/legal/visa-law0/visa-bulletin/2011/visa-bulletin-for-november-2010.html,2010,NOVEMBER,2010-11-01
https://travel.state.gov/content/travel/en/legal/visa-law0/visa-bulletin/2011/visa-bulletin-for-december-2010.html,2010,DECEMBER,2010-12-01
https://travel.state.gov/content/travel/en/legal/visa-law0/visa-bulletin/2011/visa-bulletin-for-january-2011.html,2011,JANUARY,2011-01-01
https://travel.state.gov/content/travel/en/legal/visa-law0/visa-bulletin/2011/visa-bulletin-for-february-2011.html,2011,FEBRUARY,2011-02-01
https://travel.state.gov/content/travel/en/legal/visa-law0/visa-bulletin/2011/visa-bulletin-for-march-2011.html,2011,MARCH,2011-03-01
https://travel.state.gov/content/travel/en/legal/visa-law0/visa-bulletin/2011/visa-bulletin-for-april-2011.html,2011,APRIL,2011-04-01
https://travel.state.gov/content/travel/en/legal/visa-law0/visa-bulletin/2011/visa-bulletin-for-may-2011.html,2011,MAY,2011-05-01
https://travel.state.gov/content/travel/en/legal/visa-law0/visa-bulletin/2011/visa-bulletin-for-june-2011.html,2011,JUNE,2011-06-01
https://travel.state.gov/content/travel/en/legal/visa-law0/visa-bulletin/2011/visa-bulletin-for-july-2011.html,2011,JULY,2011-07-01
https://travel.state.gov/content/travel/en/legal/visa-law0/visa-bulletin/2011/visa-bulletin-for-august-2011.html,2011,AUGUST,2011-08-01
https://travel.state.gov/content/travel/en/legal/visa-law0/visa-bulletin/2011/visa-bulletin-for-september-2011.html,2011,SEPTEMBER,2011-09-01
https://travel.state.gov/content/travel/en/legal/visa-law0/visa-bulletin/2012/visa-bulletin-for-october-2011.html,2011,OCTOBER,2011-10-01
https://travel.state.gov/content/travel/en/legal/visa-law0/visa-bulletin/2012/visa-bulletin-for-november-2011.html,2011,NOVEMBER,2011-11-01
https://travel.state.gov/content/travel/en/legal/visa-law0/visa-bulletin/2012/visa-bulletin-for-december-2011.html,2011,DECEMBER,2011-12-01
https://travel.state.gov/content/travel/en/legal/visa-law0/visa-bulletin/2012/visa-bulletin-for-january-2012.html,2012,JANUARY,2012-01-01
https://travel.state.gov/content/travel/en/legal/visa-law0/visa-bulletin/2012/visa-bulletin-for-february-2012.html,2012,FEBRUARY,2012-02-01
https://travel.state.gov/content/travel/en/legal/visa-law0/visa-bulletin/2012/visa-bulletin-for-march-2012.html,2012,MARCH,2012-03-01
https://travel.state.gov/content/travel/en/legal/visa-law0/visa-bulletin/2012/visa-bulletin-for-april-2012.html,2012,APRIL,2012-04-01
https://travel.state.gov/content/travel/en/legal/visa-law0/visa-bulletin/2012/visa-bulletin-for-may-2012.html,2012,MAY,2012-05-01
https://travel.state.gov/content/travel/en/legal/visa-law0/visa-bulletin/2012/visa-bulletin-for-june-2012.html,2012,JUNE,2012-06-01
https://travel.state.gov/content/travel/en/legal/visa-law0/visa-bulletin/2012/visa-bulletin-for-july-2012.html,2012,JULY,2012-07-01
https://travel.state.gov/content/travel/en/legal/visa-law0/visa-bulletin/2012/visa-bulletin-for-august-2012.html,2012,AUGUST,2012-08-01
https://travel.state.gov/content/travel/en/legal/visa-law0/visa-bulletin/2012/visa-bulletin-for-september-2012.html,2012,SEPTEMBER,2012-09-01
https://travel.state.gov/content/travel/en/legal/visa-law0/visa-bulletin/2013/visa-bulletin-october-2012.html,2012,OCTOBER,2012-10-01
https://travel.state.gov/content/travel/en/legal/visa-law0/visa-bulletin/2013/visa-bulletin-for-november-2012.html,2012,NOVEMBER,2012-11-01
https://travel.state.gov/content/travel/en/legal/visa-law0/visa-bulletin/2013/visa-bulletin-for-december-2012.html,2012,DECEMBER,2012-12-01
https://travel.state.gov/content/travel/en/legal/visa-law0/visa-bulletin/2013/visa-bulletin-for-january-2013.html,2013,JANUARY,2013-01-01
https://travel.state.gov/content/travel/en/legal/visa-law0/visa-bulletin/2013/visa-bulletin-for-february-2013.html,2013,FEBRUARY,2013-02-01
https://travel.state.gov/content/travel/en/legal/visa-law0/visa-bulletin/2013/visa-bulletin-for-march-2013.html,2013,MARCH,2013-03-01
https://travel.state.gov/content/travel/en/legal/visa-law0/visa-bulletin/2013/visa-bulletin-for-april-2013.html,2013,APRIL,2013-04-01
https://travel.state.gov/content/travel/en/legal/visa-law0/visa-bulletin/2013/visa-bulletin-for-may-2013.html,2013,MAY,2013-05-01
https://travel.state.gov/content/travel/en/legal/visa-law0/visa-bulletin/2013/visa-bulletin-for-june-2013.html,2013,JUNE,2013-06-01
https://travel.state.gov/content/travel/en/legal/visa-law0/visa-bulletin/2013/visa-bulletin-for-july-2013.html,2013,JULY,2013-07-01
https://travel.state.gov/content/travel/en/legal/visa-law0/visa-bulletin/2013/visa-bulletin-for-august-2013.html,2013,AUGUST,2013-08-01
https://travel.state.gov/content/travel/en/legal/visa-law0/visa-bulletin/2013/visa-bulletin-for-september-2013.html,2013,SEPTEMBER,2013-09-01
https://travel.state.gov/content/travel/en/legal/visa-law0/visa-bulletin/2014/visa-bulletin-for-october-2013.html,2013,OCTOBER,2013-10-01
https://travel.state.gov/content/travel/en/legal/visa-law0/visa-bulletin/2014/visa-bulletin-for-november-2013.html,2013,NOVEMBER,2013-11-01
https://travel.state.gov/content/travel/en/legal/visa-law0/visa-bulletin/2014/visa-bulletin-for-december-2013.html,2013,DECEMBER,2013-12-01
https://travel.state.gov/content/travel/en/legal/visa-law0/visa-bulletin/2014/visa-bulletin-for-january-2014.html,2014,JANUARY,2014-01-01
https://travel.state.gov/content/travel/en/legal/visa-law0/visa-bulletin/2014/visa-bulletin-for-february-2014.html,2014,FEBRUARY,2014-02-01
https://travel.state.gov/content/travel/en/legal/visa-law0/visa-bulletin/2014/visa-bulletin-for-march-2014.html,2014,MARCH,2014-03-01
https://travel.state.gov/content/travel/en/legal/visa-law0/visa-bulletin/2014/visa-bulletin-for-april-2014.html,2014,APRIL,2014-04-01
https://travel.state.gov/content/travel/en/legal/visa-law0/visa-bulletin/2014/visa-bulletin-for-may-2014.html,2014,MAY,2014-05-01
https://travel.state.gov/content/travel/en/legal/visa-law0/visa-bulletin/2014/visa-bulletin-for-june-2014.html,2014,JUNE,2014-06-01
https://travel.state.gov/content/travel/en/legal/visa-law0/visa-bulletin/2014/visa-bulletin-for-july-2014.html,2014,JULY,2014-07-01
https://travel.state.gov/content/travel/en/legal/visa-law0/visa-bulletin/2014/visa-bulletin-for-august-2014.html,2014,AUGUST,2014-08-01
https://travel.state.gov/content/travel/en/legal/visa-law0/visa-bulletin/2014/visa-bulletin-for-september-2014.html,2014,SEPTEMBER,2014-09-01
https://travel.state.gov/content/travel/en/legal/visa-law0/visa-bulletin/2015/visa-bulletin-for-october-2014.html,2014,OCTOBER,2014-10-01
https://travel.state.gov/content/travel/en/legal/visa-law0/visa-bulletin/2015/visa-bulletin-for-november-2014.html,2014,NOVEMBER,2014-11-01
https://travel.state.gov/content/travel/en/legal/visa-law0/visa-bulletin/2015/visa-bulletin-for-december-2014.html,2014,DECEMBER,2014-12-01
https://travel.state.gov/content/travel/en/legal/visa-law0/visa-bulletin/2015/visa-bulletin-for-january-2015.html,2015,JANUARY,2015-01-01
https://travel.state.gov/content/travel/en/legal/visa-law0/visa-bulletin/2015/visa-bulletin-for-february-2015.html,2015,FEBRUARY,2015-02-01
https://travel.state.gov/content/travel/en/legal/visa-law0/visa-bulletin/2015/visa-bulletin-for-march-2015.html,2015,MARCH,2015-03-01
https://travel.state.gov/content/travel/en/legal/visa-law0/visa-bulletin/2015/visa-bulletin-for-april-2015.html,2015,APRIL,2015-04-01
https://travel.state.gov/content/travel/en/legal/visa-law0/visa-bulletin/2015/visa-bulletin-for-may-2015.html,2015,MAY,2015-05-01
https://travel.state.gov/content/travel/en/legal/visa-law0/visa-bulletin/2015/visa-bulletin-for-june-2015.html,2015,JUNE,2015-06-01
https://travel.state.gov/content/travel/en/legal/visa-law0/visa-bulletin/2015/visa-bulletin-for-july-2015.html,2015,JULY,2015-07-01
https://travel.state.gov/content/travel/en/legal/visa-law0/visa-bulletin/2015/visa-bulletin-for-august-2015.html,2015,AUGUST,2015-08-01
https://travel.state.gov/content/travel/en/legal/visa-law0/visa-bulletin/2015/visa-bulletin-for-september-2015.html,2015,SEPTEMBER,2015-09-01
https://travel.state.gov/content/travel/en/legal/visa-law0/visa-bulletin/2016/visa-bulletin-for-october-2015.html,2015,OCTOBER,2015-10-01
https://travel.state.gov/content/travel/en/legal/visa-law0/visa-bulletin/2016/visa-bulletin-for-november-2015.html,2015,NOVEMBER,2015-11-01
https://travel.state.gov/content/travel/en/legal/visa-law0/visa-bulletin/2016/visa-bulletin-for-december-2015.html,2015,DECEMBER,2015-12-01
https://travel.state.gov/content/travel/en/legal/visa-law0/visa-bulletin/2016/visa-bulletin-for-january-2016.html,2016,JANUARY,2016-01-01
https://travel.state.gov/content/travel/en/legal/visa-law0/visa-bulletin/2016/visa-bulletin-for-february-2016.html,2016,FEBRUARY,2016-02-01
https://travel.state.gov/content/travel/en/legal/visa-law0/visa-bulletin/2016/visa-bulletin-for-march-2016.html,2016,MARCH,2016-03-01
https://travel.state.gov/content/travel/en/legal/visa-law0/visa-bulletin/2016/visa-bulletin-for-april-2016.html,2016,APRIL,2016-04-01
https://travel.state.gov/content/travel/en/legal/visa-law0/visa-bulletin/2016/visa-bulletin-for-may-2016.html,2016,MAY,2016-05-01
https://travel.state.gov/content/travel/en/legal/visa-law0/visa-bulletin/2016/visa-bulletin-for-june-2016.html,2016,JUNE,2016-06-01
https://travel.state.gov/content/travel/en/legal/visa-law0/visa-bulletin/2016/visa-bulletin-for-july-2016.html,2016,JULY,2016-07-01
https://travel.state.gov/content/travel/en/legal/visa-law0/visa-bulletin/2016/visa-bulletin-for-august-2016.html,2016,AUGUST,2016-08-01
https://travel.state.gov/content/travel/en/legal/visa-law0/visa-bulletin/2016/visa-bulletin-for-september-2016.html,2016,SEPTEMBER,2016-09-01
https://travel.state.gov/content/travel/en/legal/visa-law0/visa-bulletin/2017/visa-bulletin-for-october-2016.html,2016,OCTOBER,2016-10-01
https://travel.state.gov/content/travel/en/legal/visa-law0/visa-bulletin/2017/visa-bulletin-for-november-2016.html,2016,NOVEMBER,2016-11-01
https://travel.state.gov/content/travel/en/legal/visa-law0/visa-bulletin/2017/visa-bulletin-for-december-2016.html,2016,DECEMBER,2016-12-01
https://travel.state.gov/content/travel/en/legal/visa-law0/visa-bulletin/2017/visa-bulletin-for-january-2017.html,2017,JANUARY,2017-01-01
https://travel.state.gov/content/travel/en/legal/visa-law0/visa-bulletin/2017/visa-bulletin-for-february-2017.html,2017,FEBRUARY,2017-02-01
https://travel.state.gov/content/travel/en/legal/visa-law0/visa-bulletin/2017/visa-bulletin-for-march-2017.html,2017,MARCH,2017-03-01
https://travel.state.gov/content/travel/en/legal/visa-law0/visa-bulletin/2017/visa-bulletin-for-april-2017.html,2017,APRIL,2017-04-01
https://travel.state.gov/content/travel/en/legal/visa-law0/visa-bulletin/2017/visa-bulletin-for-may-2017.html,2017,MAY,2017-05-01
https://travel.state.gov/content/travel/en/legal/visa-law0/visa-bulletin/2017/visa-bulletin-for-june-2017.html,2017,JUNE,2017-06-01
https://travel.state.gov/content/travel/en/legal/visa-law0/visa-bulletin/2017/visa-bulletin-for-july-2017.html,2017,JULY,2017-07-01
https://travel.state.gov/content/travel/en/legal/visa-law0/visa-bulletin/2017/visa-bulletin-for-august-2017.html,2017,AUGUST,2017-08-01
https://travel.state.gov/content/travel/en/legal/visa-law0/visa-bulletin/2017/visa-bulletin-for-september-2017.html,2017,SEPTEMBER,2017-09-01
https://travel.state.gov/content/travel/en/legal/visa-law0/visa-bulletin/2018/visa-bulletin-for-october-2017.html,2017,OCTOBER,2017-10-01
https://travel.state.gov/content/travel/en/legal/visa-law0/visa-bulletin/2018/visa-bulletin-for-november-2017.html,2017,NOVEMBER,2017-11-01
https://travel.state.gov/content/travel/en/legal/visa-law0/visa-bulletin/2018/visa-bulletin-for-december-2017.html,2017,DECEMBER,2017-12-01
https://travel.state.gov/content/travel/en/legal/visa-law0/visa-bulletin/2018/visa-bulletin-for-january-2018.html,2018,JANUARY,2018-01-01
https://travel.state.gov/content/travel/en/legal/visa-law0/visa-bulletin/2018/visa-bulletin-for-february-2018.html,2018,FEBRUARY,2018-02-01
https://travel.state.gov/content/travel/en/legal/visa-law0/visa-bulletin/2018/visa-bulletin-for-march-2018.html,2018,MARCH,2018-03-01
https://travel.state.gov/content/travel/en/legal/visa-law0/visa-bulletin/2018/visa-bulletin-for-april-2018.html,2018,APRIL,2018-04-01
https://travel.state.gov/content/travel/en/legal/visa-law0/visa-bulletin/2018/visa-bulletin-for-may-2018.html,2018,MAY,2018-05-01
https://travel.state.gov/content/travel/en/legal/visa-law0/visa-bulletin/2018/visa-bulletin-for-june-2018.html,2018,JUNE,2018-06-01
https://travel.state.gov/content/travel/en/legal/visa-law0/visa-bulletin/2018/visa-bulletin-for-july-2018.html,2018,JULY,2018-07-01
https://travel.state.gov/content/travel/en/legal/visa-law0/visa-bulletin/2018/visa-bulletin-for-august-2018.html,2018,AUGUST,2018-08-01
https://travel.state.gov/content/travel/en/legal/visa-law0/visa-bulletin/2018/visa-bulletin-for-september-2018.html,2018,SEPTEMBER,2018-09-01
https://travel.state.gov/content/travel/en/legal/visa-law0/visa-bulletin/2019/visa-bulletin-for-october-2018.html,2018,OCTOBER,2018-10-01
https://travel.state.gov/content/travel/en/legal/visa-law0/visa-bulletin/2019/visa-bulletin-for-november-2018.html,2018,NOVEMBER,2018-11-01
https://travel.state.gov/content/travel/en/legal/visa-law0/visa-bulletin/2019/visa-bulletin-for-december-2018.html,2018,DECEMBER,2018-12-01
https://travel.state.gov/content/travel/en/legal/visa-law0/visa-bulletin/2019/visa-bulletin-for-january-2019.html,2019,JANUARY,2019-01-01
https://travel.state.gov/content/travel/en/legal/visa-law0/visa-bulletin/2019/visa-bulletin-for-february-2019.html,2019,FEBRUARY,2019-02-01
https://travel.state.gov/content/travel/en/legal/visa-law0/visa-bulletin/2019/visa-bulletin-for-march-2019.html,2019,MARCH,2019-03-01
https://travel.state.gov/content/travel/en/legal/visa-law0/visa-bulletin/2019/visa-bulletin-for-april-2019.html,2019,APRIL,2019-04-01
https://travel.state.gov/content/travel/en/legal/visa-law0/visa-bulletin/2019/visa-bulletin-for-may-2019.html,2019,MAY,2019-05-01
https://travel.state.gov/content/travel/en/legal/visa-law0/visa-bulletin/2019/visa-bulletin-for-june-2019.html,2019,JUNE,2019-06-01
https://travel.state.gov/content/travel/en/legal/visa-law0/visa-bulletin/2019/visa-bulletin-for-july-2019.html,2019,JULY,2019-07-01
https://travel.state.gov/content/travel/en/legal/visa-law0/visa-bulletin/2019/visa-bulletin-for-august-2019.html,2019,AUGUST,2019-08-01
https://travel.state.gov/content/travel/en/legal/visa-law0/visa-bulletin/2019/visa-bulletin-for-september-2019.html,2019,SEPTEMBER,2019-09-01
https://travel.state.gov/content/travel/en/legal/visa-law0/visa-bulletin/2020/visa-bulletin-for-october-2019.html,2019,OCTOBER,2019-10-01
https://travel.state.gov/content/travel/en/legal/visa-law0/visa-bulletin/2020/visa-bulletin-for-november-2019.html,2019,NOVEMBER,2019-11-01
https://travel.state.gov/content/travel/en/legal/visa-law0/visa-bulletin/2020/visa-bulletin-for-december-2019.html,2019,DECEMBER,2019-12-01
https://travel.state.gov/content/travel/en/legal/visa-law0/visa-bulletin/2020/visa-bulletin-for-january-2020.html,2020,JANUARY,2020-01-01
https://travel.state.gov/content/travel/en/legal/visa-law0/visa-bulletin/2020/visa-bulletin-for-february-2020.html,2020,FEBRUARY,2020-02-01
https://travel.state.gov/content/travel/en/legal/visa-law0/visa-bulletin/2020/visa-bulletin-for-march-2020.html,2020,MARCH,2020-03-01
https://travel.state.gov/content/travel/en/legal/visa-law0/visa-bulletin/2020/visa-bulletin-for-april-2020.html,2020,APRIL,2020-04-01
https://travel.state.gov/content/travel/en/legal/visa-law0/visa-bulletin/2020/visa-bulletin-for-may-2020.html,2020,MAY,2020-05-01
https://travel.state.gov/content/travel/en/legal/visa-law0/visa-bulletin/2020/visa-bulletin-for-june-2020.html,2020,JUNE,2020-06-01
https://travel.state.gov/content/travel/en/legal/visa-law0/visa-bulletin/2020/visa-bulletin-for-july-2020.html,2020,JULY,2020-07-01
https://travel.state.gov/content/travel/en/legal/visa-law0/visa-bulletin/2020/visa-bulletin-for-august-2020.html,2020,AUGUST,2020-08-01
https://travel.state.gov/content/travel/en/legal/visa-law0/visa-bulletin/2020/visa-bulletin-for-september-2020.html,2020,SEPTEMBER,2020-09-01
https://travel.state.gov/content/travel/en/legal/visa-law0/visa-bulletin/2021/visa-bulletin-for-october-2020.html,2020,OCTOBER,2020-10-01
https://travel.state.gov/content/travel/en/legal/visa-law0/visa-bulletin/2021/visa-bulletin-for-november-2020.html,2020,NOVEMBER,2020-11-01
https://travel.state.gov/content/travel/en/legal/visa-law0/visa-bulletin/2021/visa-bulletin-for-december-2020.html,2020,DECEMBER,2020-12-01
https://travel.state.gov/content/travel/en/legal/visa-law0/visa-bulletin/2021/visa-bulletin-for-january-2021.html,2021,JANUARY,2021-01-01
https://travel.state.gov/content/travel/en/legal/visa-law0/visa-bulletin/2021/visa-bulletin-for-february-2021.html,2021,FEBRUARY,2021-02-01
https://travel.state.gov/content/travel/en/legal/visa-law0/visa-bulletin/2021/visa-bulletin-for-march-2021.html,2021,MARCH,2021-03-01
https://travel.state.gov/content/travel/en/legal/visa-law0/visa-bulletin/2021/visa-bulletin-for-april-2021.html,2021,APRIL,2021-04-01
https://travel.state.gov/content/travel/en/legal/visa-law0/visa-bulletin/2021/visa-bulletin-for-may-2021.html,2021,MAY,2021-05-01
https://travel.state.gov/content/travel/en/legal/visa-law0/visa-bulletin/2021/visa-bulletin-for-june-2021.html,2021,JUNE,2021-06-01
https://travel.state.gov/content/travel/en/legal/visa-law0/visa-bulletin/2021/visa-bulletin-for-july-2021.html,2021,JULY,2021-07-01
https://travel.state.gov/content/travel/en/legal/visa-law0/visa-bulletin/2021/visa-bulletin-for-august-2021.html,2021,AUGUST,2021-08-01
https://travel.state.gov/content/travel/en/legal/visa-law0/visa-bulletin/2021/visa-bulletin-for-september-2021.html,2021,SEPTEMBER,2021-09-01
https://travel.state.gov/content/travel/en/legal/visa-law0/visa-bulletin/2022/visa-bulletin-for-october-2021.html,2021,OCTOBER,2021-10-01
https://travel.state.gov/content/travel/en/legal/visa-law0/visa-bulletin/2022/visa-bulletin-for-november-2021.html,2021,NOVEMBER,2021-11-01
https://travel.state.gov/content/travel/en/legal/visa-law0/visa-bulletin/2022/visa-bulletin-for-december-2021.html,2021,DECEMBER,2021-12-01
https://travel.state.gov/content/travel/en/legal/visa-law0/visa-bulletin/2022/visa-bulletin-for-january-2022.html,2022,JANUARY,2022-01-01
https://travel.state.gov/content/travel/en/legal/visa-law0/visa-bulletin/2022/visa-bulletin-for-february-2022.html,2022,FEBRUARY,2022-02-01
https://travel.state.gov/content/travel/en/legal/visa-law0/visa-bulletin/2022/visa-bulletin-for-march-2022.html,2022,MARCH,2022-03-01
https://travel.state.gov/content/travel/en/legal/visa-law0/visa-bulletin/2022/visa-bulletin-for-april-2022.html,2022,APRIL,2022-04-01
https://travel.state.gov/content/travel/en/legal/visa-law0/visa-bulletin/2022/visa-bulletin-for-may-2022.html,2022,MAY,2022-05-01
https://travel.state.gov/content/travel/en/legal/visa-law0/visa-bulletin/2022/visa-bulletin-for-june-2022.html,2022,JUNE,2022-06-01
https://travel.state.gov/content/travel/en/legal/visa-law0/visa-bulletin/2022/visa-bulletin-for-july-2022.html,2022,JULY,2022-07-01
https://travel.state.gov/content/travel/en/legal/visa-law0/visa-bulletin/2022/visa-bulletin-for-august-2022.html,2022,AUGUST,2022-08-01
https://travel.state.gov/content/travel/en/legal/visa-law0/visa-bulletin/2022/visa-bulletin-for-september-2022.html,2022,SEPTEMBER,2022-09-01
https://travel.state.gov/content/travel/en/legal/visa-law0/visa-bulletin/2023/visa-bulletin-for-october-2022.html,2022,OCTOBER,2022-10-01
https://travel.state.gov/content/travel/en/legal/visa-law0/visa-bulletin/2023/visa-bulletin-for-november-2022.html,2022,NOVEMBER,2022-11-01
https://travel.state.gov/content/travel/en/legal/visa-law0/visa-bulletin/2023/visa-bulletin-for-december-2022.html,2022,DECEMBER,2022-12-01
https://travel.state.gov/content/travel/en/legal/visa-law0/visa-bulletin/2023/visa-bulletin-for-january-2023.html,2023,JANUARY,2023-01-01
https://travel.state.gov/content/travel/en/legal/visa-law0/visa-bulletin/2023/visa-bulletin-for-february-2023.html,2023,FEBRUARY,2023-02-01
https://travel.state.gov/content/travel/en/legal/visa-law0/visa-bulletin/2023/visa-bulletin-for-march-2023.html,2023,MARCH,2023-03-01
https://travel.state.gov/content/travel/en/legal/visa-law0/visa-bulletin/2023/visa-bulletin-for-april-2023.html,2023,APRIL,2023-04-01
https://travel.state.gov/content/travel/en/legal/visa-law0/visa-bulletin/2023/visa-bulletin-for-may-2023.html,2023,MAY,2023-05-01
https://travel.state.gov/content/travel/en/legal/visa-law0/visa-bulletin/2023/visa-bulletin-for-june-2023.html,2023,JUNE,2023-06-01
https://travel.state.gov/content/travel/en/legal/visa-law0/visa-bulletin/2023/visa-bulletin-for-july-2023.html,2023,JULY,2023-07-01
https://travel.state.gov/content/travel/en/legal/visa-law0/visa-bulletin/2023/visa-bulletin-for-august-2023.html,2023,AUGUST,2023-08-01
https://travel.state.gov/content/travel/en/legal/visa-law0/visa-bulletin/2023/visa-bulletin-for-september-2023.html,2023,SEPTEMBER,2023-09-01
https://travel.state.gov/content/travel/en/legal/visa-law0/visa-bulletin/2024/visa-bulletin-for-october-2023.html,2023,OCTOBER,2023-10-01
https://travel.state.gov/content/travel/en/legal/visa-law0/visa-bulletin/2024/visa-bulletin-for-november-2023.html,2023,NOVEMBER,2023-11-01
https://travel.state.gov/content/travel/en/legal/visa-law0/visa-bulletin/2024/visa-bulletin-for-december-2023.html,2023,DECEMBER,2023-12-01
https://travel.state.gov/content/travel/en/legal/visa-law0/visa-bulletin/2024/visa-bulletin-for-january-2024.html,2024,JANUARY,2024-01-01
https://travel.state.gov/content/travel/en/legal/visa-law0/visa-bulletin/2024/visa-bulletin-for-february-2024.html,2024,FEBRUARY,2024-02-01
https://travel.state.gov/content/travel/en/legal/visa-law0/visa-bulletin/2024/visa-bulletin-for-march-2024.html,2024,MARCH,2024-03-01
https://travel.state.gov/content/travel/en/legal/visa-law0/visa-bulletin/2024/visa-bulletin-for-april-2024.html,2024,APRIL,2024-04-01
https://travel.state.gov/content/travel/en/legal/visa-law0/visa-bulletin/2024/visa-bulletin-for-may-2024.html,2024,MAY,2024-05-01
https://travel.state.gov/content/travel/en/legal/visa-law0/visa-bulletin/2024/visa-bulletin-for-june-2024.html,2024,JUNE,2024-06-01
https://travel.state.gov/content/travel/en/legal/visa-law0/visa-bulletin/2024/visa-bulletin-for-july-2024.html,2024,JULY,2024-07-01
https://travel.state.gov/content/travel/en/legal/visa-law0/visa-bulletin/2024/visa-bulletin-for-august-2024.html,2024,AUGUST,2024-08-01
https://travel.state.gov/content/travel/en/legal/visa-law0/visa-bulletin/2024/visa-bulletin-for-september-2024.html,2024,SEPTEMBER,2024-09-01
https://travel.state.gov/content/travel/en/legal/visa-law0/visa-bulletin/2025/visa-bulletin-for-october-2024.html,2024,OCTOBER,2024-10-01
https://travel.state.gov/content/travel/en/legal/visa-law0/visa-bulletin/2025/visa-bulletin-for-november-2024.html,2024,NOVEMBER,2024-11-01
https://travel.state.gov/content/travel/en/legal/visa-law0/visa-bulletin/2025/visa-bulletin-for-december-2024.html,2024,DECEMBER,2024-12-01
https://travel.state.gov/content/travel/en/legal/visa-law0/visa-bulletin/2025/visa-bulletin-for-january-2025.html,2025,JANUARY,2025-01-01
https://travel.state.gov/content/travel/en/legal/visa-law0/visa-bulletin/2025/visa-bulletin-for-february-2025.html,2025,FEBRUARY,2025-02-01
https://travel.state.gov/content/travel/en/legal/visa-law0/visa-bulletin/2025/visa-bulletin-for-march-2025.html,2025,MARCH,2025-03-01
https://travel.state.gov/content/travel/en/legal/visa-law0/visa-bulletin/2025/visa-bulletin-for-april-2025.html,2025,APRIL,2025-04-01
